{
    "items": [
        {
            "Name": "Map",
            "TextColor": {
                "r": 1.0,
                "g": 1.0,
                "b": 1.0,
                "a": 1.0
            },
            "FontSize": 11,
            "FontStyle": 1,
            "ImageColor": {
                "r": 1.0,
                "g": 0.8117647171020508,
                "b": 0.1568627506494522,
                "a": 1.0
            },
            "ImageType": 0
        },
        {
            "Name": "CollidersEnv",
            "TextColor": {
                "r": 1.0,
                "g": 1.0,
                "b": 1.0,
                "a": 1.0
            },
            "FontSize": 11,
            "FontStyle": 1,
            "ImageColor": {
                "r": 0.24204549193382264,
                "g": 1.0,
                "b": 0.15686273574829102,
                "a": 1.0
            },
            "ImageType": 0
        }
    ]
}